{
  "parents": [
    [
      null
    ],
    [
      0
    ],
    [
      1
    ],
    [
      1
    ],
    [
      1
    ],
    [
      4
    ],
    [
      5
    ],
    [
      5
    ],
    [
      5
    ],
    [
      5
    ],
    [
      9
    ],
    [
      9
    ],
    [
      9
    ],
    [
      9
    ],
    [
      13
    ],
    [
      13
    ],
    [
      13
    ]
  ],
  "scores": [
    0.07964818329336339,
    0.7095223941877851,
    0.3080119930706613,
    0.3108069872825889,
    0.8580343467135971,
    0.9172840552042444,
    0.6960468374397446,
    0.9140704513818639,
    0.06238249058549697,
    0.931880753663412,
    0.09334053017930598,
    0.9030513189487805,
    0.7090602139030573,
    0.9613110444761968,
    0.12828461059982235,
    0.874060243869148,
    0.3195200446601795
  ],
  "best_idx": 13,
  "num_candidates": 17
}